source,feed_url,title,link,summary,published
The Tech Buzz - Latest Articles,https://www.techbuzz.ai/api/rss/articles,UC San Diego's AI Lab Gets NVIDIA's Most Powerful Chip,https://www.techbuzz.ai/articles/uc-san-diego-s-ai-lab-gets-nvidia-s-most-powerful-chip,Hao AI Lab receives DGX B200 for breakthrough LLM inference research shaping production AI systems,2025-12-17 17:01:40
The Tech Buzz - Latest Articles,https://www.techbuzz.ai/api/rss/articles,"Coursera Acquires Udemy in $2.5B Merger, Reshaping EdTech",https://www.techbuzz.ai/articles/coursera-acquires-udemy-in-2-5b-merger-reshaping-edtech,Coursera acquires Udemy in $2.5B merger to dominate AI-focused online learning,2025-12-17 17:00:30
The Tech Buzz - Latest Articles,https://www.techbuzz.ai/api/rss/articles,Coinbase Enables First 'Trade-to-Feed' Cause Coin: $EAT (WYDE: End Hunger) Launched on Base,https://www.techbuzz.ai/articles/coinbase-enables-first-trade-to-feed-cause-coin-eat-wyde-end-hunger-launched-on-base,$EAT token directs trading fees to fund meals for 47 million food-insecure Americans.,2025-12-17 16:46:32
The Tech Buzz - Latest Articles,https://www.techbuzz.ai/api/rss/articles,Netflix Launches FIFA World Cup Soccer Game for 2026,https://www.techbuzz.ai/articles/netflix-launches-fifa-world-cup-soccer-game-for-2026,Netflix and FIFA team up for exclusive soccer simulation game coming to Netflix Games this summer,2025-12-17 15:48:20
The Tech Buzz - Latest Articles,https://www.techbuzz.ai/api/rss/articles,Samsung Expands Premium Micro RGB Across Six New Sizes,https://www.techbuzz.ai/articles/samsung-expands-premium-micro-rgb-across-six-new-sizes,Samsung launches 55-115 inch Micro RGB TVs with LLM-powered AI at CES 2026,2025-12-17 08:37:55
The Tech Buzz - Latest Articles,https://www.techbuzz.ai/api/rss/articles,Tesla Hits Record High as Robotaxi Hype Overrides EV Sales Slump,https://www.techbuzz.ai/articles/tesla-hits-record-high-as-robotaxi-hype-overrides-ev-sales-slump,Tesla stock reaches all-time high on driverless vehicle momentum despite weaker EV sales,2025-12-16 22:09:07
The Tech Buzz - Latest Articles,https://www.techbuzz.ai/api/rss/articles,Slate Hits 150K Reservations Amid EV Truck Market Collapse,https://www.techbuzz.ai/articles/slate-hits-150k-reservations-amid-ev-truck-market-collapse,Bezos-backed startup reaches milestone as Ford kills F-150 Lightning and EV truck sales stall,2025-12-16 20:43:13
The Tech Buzz - Latest Articles,https://www.techbuzz.ai/api/rss/articles,Sam Altman-Backed Slope Launches Amazon Seller Lending,https://www.techbuzz.ai/articles/sam-altman-backed-slope-launches-amazon-seller-lending,AI lending startup Slope debuts real-time credit lines for Amazon sellers with JPMorgan backing,2025-12-16 19:55:06
The Tech Buzz - Latest Articles,https://www.techbuzz.ai/api/rss/articles,PGA TOUR Studios Teams up with SES for Hybrid Content Distribution,https://www.techbuzz.ai/articles/pga-tour-studios-teams-up-with-ses-for-hybrid-content-distribution,PGA TOUR Studios Teams up with SES for Hybrid Content Distribution,2025-12-16 19:21:15
The Tech Buzz - Latest Articles,https://www.techbuzz.ai/api/rss/articles,"Google Launches CC, a Gemini-Powered Email Assistant",https://www.techbuzz.ai/articles/google-launches-cc-a-gemini-powered-email-assistant,Google tests an email-based productivity assistant for AI Pro subscribers in North America,2025-12-16 19:15:29
The Tech Buzz - Latest Articles,https://www.techbuzz.ai/api/rss/articles,"Google Launches CC, Experimental AI Productivity Agent",https://www.techbuzz.ai/articles/google-launches-cc-experimental-ai-productivity-agent,"Google debuts CC, an AI agent built with Gemini for daily productivity automation",2025-12-16 19:15:28
The Tech Buzz - Latest Articles,https://www.techbuzz.ai/api/rss/articles,Cramer Eyes Amazon Bargain After 2025 Stock Slump,https://www.techbuzz.ai/articles/cramer-eyes-amazon-bargain-after-2025-stock-slump,"Jim Cramer targets Amazon as a buy after 2025 stock underperformance, citing valuation opportunity",2025-12-16 19:15:28
The Tech Buzz - Latest Articles,https://www.techbuzz.ai/api/rss/articles,Databricks Hits $134B Valuation in $4B Mega-Round,https://www.techbuzz.ai/articles/databricks-hits-134b-valuation-in-4b-mega-round,"Databricks reaches $134 billion valuation in Series L funding, jumping 34% since August",2025-12-16 15:13:17
The Tech Buzz - Latest Articles,https://www.techbuzz.ai/api/rss/articles,Databricks Hits $134B Valuation with $4B Series L Mega-Round,https://www.techbuzz.ai/articles/databricks-hits-134b-valuation-with-4b-series-l-mega-round,Data platform raises $4B at record $134B valuation as AI products drive 55% revenue surge,2025-12-16 15:13:13
The Tech Buzz - Latest Articles,https://www.techbuzz.ai/api/rss/articles,Everbloom's AI Transforms Chicken Feathers Into Luxury Cashmere,https://www.techbuzz.ai/articles/everbloom-s-ai-transforms-chicken-feathers-into-luxury-cashmere,Startup combines keratin-based AI with waste materials to create premium textiles at lower costs,2025-12-16 12:38:46
The Tech Buzz - Latest Articles,https://www.techbuzz.ai/api/rss/articles,Samsung Unveils Bespoke AI Appliances Development Story,https://www.techbuzz.ai/articles/samsung-unveils-bespoke-ai-appliances-development-story,Samsung releases behind-the-scenes videos of Bespoke AI appliances,2025-12-16 11:10:39
The Tech Buzz - Latest Articles,https://www.techbuzz.ai/api/rss/articles,AI Infrastructure Stocks Crater on Mounting Debt Concerns,https://www.techbuzz.ai/articles/ai-infrastructure-stocks-crater-on-mounting-debt-concerns,"Oracle, Broadcom, CoreWeave plunge as debt-fueled AI capex spending alarms investors",2025-12-16 08:08:28
The Tech Buzz - Latest Articles,https://www.techbuzz.ai/api/rss/articles,"Nvidia Acquires SchedMD, Launches Nemotron 3 to Dominate AI Infrastructure",https://www.techbuzz.ai/articles/nvidia-acquires-schedmd-launches-nemotron-3-to-dominate-ai-infrastructure,"Nvidia buys SchedMD, launches Nemotron 3 open source AI models to control AI infrastructure stack",2025-12-15 22:39:53
The Tech Buzz - Latest Articles,https://www.techbuzz.ai/api/rss/articles,Merriam-Webster Names 'Slop' 2025 Word of Year,https://www.techbuzz.ai/articles/merriam-webster-names-slop-2025-word-of-year,"Merriam-Webster picks 'slop' for 2025 word of year, defining AI-generated low-quality content",2025-12-15 16:42:47
The Tech Buzz - Latest Articles,https://www.techbuzz.ai/api/rss/articles,Meet the Billionaires Selling AI Its Training Data,https://www.techbuzz.ai/articles/meet-the-billionaires-selling-ai-its-training-data,"Meet Mercor, Handshake, and the $10B AI data startups now profiting where labs struggle",2025-12-15 12:04:45
The Tech Buzz - Latest Articles,https://www.techbuzz.ai/api/rss/articles,Dan Ives Bets Big on 4 European Tech Giantsâ€”Here's Why,https://www.techbuzz.ai/articles/dan-ives-bets-big-on-4-european-tech-giants-here-s-why,"Wedbush analyst eyes SAP, ASML, Klarna, Spotify as European tech set to outperform",2025-12-14 23:35:41
The Tech Buzz - Latest Articles,https://www.techbuzz.ai/api/rss/articles,Grok Spreads Misinformation After Bondi Beach Shooting,https://www.techbuzz.ai/articles/grok-spreads-misinformation-after-bondi-beach-shooting,xAI's Grok chatbot repeatedly misidentifies hero and spreads false claims about the attack,2025-12-14 21:36:15
The Tech Buzz - Latest Articles,https://www.techbuzz.ai/api/rss/articles,AI Image Generators Get Better by Looking Worse,https://www.techbuzz.ai/articles/ai-image-generators-get-better-by-looking-worse,Why AI-powered image tools are abandoning perfect polish for photorealistic imperfections,2025-12-14 13:06:59
The Tech Buzz - Latest Articles,https://www.techbuzz.ai/api/rss/articles,Nex Playground's Holiday Surge Leaves Xbox in the Dust,https://www.techbuzz.ai/articles/nex-playground-s-holiday-surge-leaves-xbox-in-the-dust,"Motion-tracking kids console becomes #2 best-seller, outselling Microsoft Xbox on Black Friday week",2025-12-13 19:05:19
The Tech Buzz - Latest Articles,https://www.techbuzz.ai/api/rss/articles,Can This Crypto Feed 1 Billion People and Hit $1B Market Cap Doing It?,https://www.techbuzz.ai/articles/can-this-crypto-feed-1-billion-people-and-hit-1-b-market-cap-doing-it,Can This Crypto Feed 1 Billion People and Hit $1B Market Cap Doing It?,2025-12-12 21:18:02
The Tech Buzz - Latest Articles,https://www.techbuzz.ai/api/rss/articles,Apple Dials Back Liquid Glass Again in iOS 26.2,https://www.techbuzz.ai/articles/apple-dials-back-liquid-glass-again-in-ios-26-2,Apple's iOS 26.2 adds Lock Screen clock transparency controls as design exec Alan Dye exits for Meta,2025-12-12 21:12:47
The Tech Buzz - Latest Articles,https://www.techbuzz.ai/api/rss/articles,Stock Market Hits Records as AI Sector Faces Turbulence,https://www.techbuzz.ai/articles/stock-market-hits-records-as-ai-sector-faces-turbulence,"S&amp;P 500 and Dow reach fresh highs, but Oracle's earnings miss sparks broad AI selloff",2025-12-12 02:11:04
The Tech Buzz - Latest Articles,https://www.techbuzz.ai/api/rss/articles,Oracle's AI Infrastructure Bet Swells to $248B in Lease Commitments,https://www.techbuzz.ai/articles/oracle-s-ai-infrastructure-bet-swells-to-248b-in-lease-commitments,Oracle discloses massive 148% jump in data center leases to $248B amid AI demand surge,2025-12-12 01:14:15
The Tech Buzz - Latest Articles,https://www.techbuzz.ai/api/rss/articles,Amazon Pulls AI Recaps After Fallout Plot Flub,https://www.techbuzz.ai/articles/amazon-pulls-ai-recaps-after-fallout-plot-flub,Amazon scraps AI video recap feature after errors in Fallout summary,2025-12-11 23:15:47
The Tech Buzz - Latest Articles,https://www.techbuzz.ai/api/rss/articles,"Gemini Lands in Chrome on iOS, Expanding AI's Mobile Reach",https://www.techbuzz.ai/articles/gemini-lands-in-chrome-on-ios-expanding-ai-s-mobile-reach,Google rolls out Gemini AI features to Chrome on iPhone and iPad after successful desktop launch,2025-12-11 23:15:47
